"GEO_ID","NAME","B01003_001E","B01003_001M","B01003_001MA","B01003_001EA",
"Geography","Geographic Area Name","Estimate!!Total","Margin of Error!!Total","Annotation of Margin of Error!!Total","Annotation of Estimate!!Total",
"0500000US01003","Baldwin County, Alabama","223234","*****","*****","null",
"0500000US01015","Calhoun County, Alabama","113605","*****","*****","null",
"0500000US01043","Cullman County, Alabama","83768","*****","*****","null",
"0500000US01049","DeKalb County, Alabama","71513","*****","*****","null",
"0500000US01051","Elmore County, Alabama","81209","*****","*****","null",
"0500000US01055","Etowah County, Alabama","102268","*****","*****","null",
"0500000US01069","Houston County, Alabama","105882","*****","*****","null",
"0500000US01073","Jefferson County, Alabama","658573","*****","*****","null",
"0500000US01077","Lauderdale County, Alabama","92729","*****","*****","null",
"0500000US01081","Lee County, Alabama","164542","*****","*****","null",
"0500000US01083","Limestone County, Alabama","98915","*****","*****","null",
"0500000US01089","Madison County, Alabama","372909","*****","*****","null",
"0500000US01095","Marshall County, Alabama","96774","*****","*****","null",
"0500000US01097","Mobile County, Alabama","413210","*****","*****","null",
"0500000US01101","Montgomery County, Alabama","226486","*****","*****","null",
"0500000US01103","Morgan County, Alabama","119679","*****","*****","null",
"0500000US01115","St. Clair County, Alabama","89512","*****","*****","null",
"0500000US01117","Shelby County, Alabama","217702","*****","*****","null",
"0500000US01121","Talladega County, Alabama","79978","*****","*****","null",
"0500000US01125","Tuscaloosa County, Alabama","209355","*****","*****","null",
"0500000US01127","Walker County, Alabama","63521","*****","*****","null",
"0500000US02020","Anchorage Municipality, Alaska","288000","*****","*****","null",
"0500000US02090","Fairbanks North Star Borough, Alaska","96849","*****","*****","null",
"0500000US02170","Matanuska-Susitna Borough, Alaska","108317","*****","*****","null",
"0500000US04001","Apache County, Arizona","71887","*****","*****","null",
"0500000US04003","Cochise County, Arizona","125922","*****","*****","null",
"0500000US04005","Coconino County, Arizona","143476","*****","*****","null",
"0500000US04013","Maricopa County, Arizona","4485414","*****","*****","null",
"0500000US04015","Mohave County, Arizona","212181","*****","*****","null",
"0500000US04017","Navajo County, Arizona","110924","*****","*****","null",
"0500000US04019","Pima County, Arizona","1047279","*****","*****","null",
"0500000US04021","Pinal County, Arizona","462789","*****","*****","null",
"0500000US04025","Yavapai County, Arizona","235099","*****","*****","null",
"0500000US04027","Yuma County, Arizona","213787","*****","*****","null",
"0500000US05007","Benton County, Arkansas","279141","*****","*****","null",
"0500000US05031","Craighead County, Arkansas","110332","*****","*****","null",
"0500000US05045","Faulkner County, Arkansas","126007","*****","*****","null",
"0500000US05051","Garland County, Arkansas","99386","*****","*****","null",
"0500000US05069","Jefferson County, Arkansas","66824","*****","*****","null",
"0500000US05085","Lonoke County, Arkansas","73309","*****","*****","null",
"0500000US05119","Pulaski County, Arkansas","391911","*****","*****","null",
"0500000US05125","Saline County, Arkansas","122437","*****","*****","null",
"0500000US05131","Sebastian County, Arkansas","127827","*****","*****","null",
"0500000US05143","Washington County, Arkansas","239187","*****","*****","null",
"0500000US05145","White County, Arkansas","78753","*****","*****","null",
"0500000US06001","Alameda County, California","1671329","*****","*****","null",
"0500000US06007","Butte County, California","219186","*****","*****","null",
"0500000US06013","Contra Costa County, California","1153526","*****","*****","null",
"0500000US06017","El Dorado County, California","192843","*****","*****","null",
"0500000US06019","Fresno County, California","999101","*****","*****","null",
"0500000US06023","Humboldt County, California","135558","*****","*****","null",
"0500000US06025","Imperial County, California","181215","*****","*****","null",
"0500000US06029","Kern County, California","900202","*****","*****","null",
"0500000US06031","Kings County, California","152940","*****","*****","null",
"0500000US06033","Lake County, California","64386","*****","*****","null",
"0500000US06037","Los Angeles County, California","10039107","*****","*****","null",
"0500000US06039","Madera County, California","157327","*****","*****","null",
"0500000US06041","Marin County, California","258826","*****","*****","null",
"0500000US06045","Mendocino County, California","86749","*****","*****","null",
"0500000US06047","Merced County, California","277680","*****","*****","null",
"0500000US06053","Monterey County, California","434061","*****","*****","null",
"0500000US06055","Napa County, California","137744","*****","*****","null",
"0500000US06057","Nevada County, California","99755","*****","*****","null",
"0500000US06059","Orange County, California","3175692","*****","*****","null",
"0500000US06061","Placer County, California","398329","*****","*****","null",
"0500000US06065","Riverside County, California","2470546","*****","*****","null",
"0500000US06067","Sacramento County, California","1552058","*****","*****","null",
"0500000US06071","San Bernardino County, California","2180085","*****","*****","null",
"0500000US06073","San Diego County, California","3338330","*****","*****","null",
"0500000US06075","San Francisco County, California","881549","*****","*****","null",
"0500000US06077","San Joaquin County, California","762148","*****","*****","null",
"0500000US06079","San Luis Obispo County, California","283111","*****","*****","null",
"0500000US06081","San Mateo County, California","766573","*****","*****","null",
"0500000US06083","Santa Barbara County, California","446499","*****","*****","null",
"0500000US06085","Santa Clara County, California","1927852","*****","*****","null",
"0500000US06087","Santa Cruz County, California","273213","*****","*****","null",
"0500000US06089","Shasta County, California","180080","*****","*****","null",
"0500000US06095","Solano County, California","447643","*****","*****","null",
"0500000US06097","Sonoma County, California","494336","*****","*****","null",
"0500000US06099","Stanislaus County, California","550660","*****","*****","null",
"0500000US06101","Sutter County, California","96971","*****","*****","null",
"0500000US06103","Tehama County, California","65084","*****","*****","null",
"0500000US06107","Tulare County, California","466195","*****","*****","null",
"0500000US06111","Ventura County, California","846006","*****","*****","null",
"0500000US06113","Yolo County, California","220500","*****","*****","null",
"0500000US06115","Yuba County, California","78668","*****","*****","null",
"0500000US08001","Adams County, Colorado","517421","*****","*****","null",
"0500000US08005","Arapahoe County, Colorado","656590","*****","*****","null",
"0500000US08013","Boulder County, Colorado","326196","*****","*****","null",
"0500000US08014","Broomfield County, Colorado","70465","*****","*****","null",
"0500000US08031","Denver County, Colorado","727211","*****","*****","null",
"0500000US08035","Douglas County, Colorado","351154","*****","*****","null",
"0500000US08041","El Paso County, Colorado","720403","*****","*****","null",
"0500000US08059","Jefferson County, Colorado","582881","*****","*****","null",
"0500000US08069","Larimer County, Colorado","356899","*****","*****","null",
"0500000US08077","Mesa County, Colorado","154210","*****","*****","null",
"0500000US08101","Pueblo County, Colorado","168424","*****","*****","null",
"0500000US08123","Weld County, Colorado","324492","*****","*****","null",
"0500000US09001","Fairfield County, Connecticut","943332","*****","*****","null",
"0500000US09003","Hartford County, Connecticut","891720","*****","*****","null",
"0500000US09005","Litchfield County, Connecticut","180333","*****","*****","null",
"0500000US09007","Middlesex County, Connecticut","162436","*****","*****","null",
"0500000US09009","New Haven County, Connecticut","854757","*****","*****","null",
"0500000US09011","New London County, Connecticut","265206","*****","*****","null",
"0500000US09013","Tolland County, Connecticut","150721","*****","*****","null",
"0500000US09015","Windham County, Connecticut","116782","*****","*****","null",
"0500000US10001","Kent County, Delaware","180786","*****","*****","null",
"0500000US10003","New Castle County, Delaware","558753","*****","*****","null",
"0500000US10005","Sussex County, Delaware","234225","*****","*****","null",
"0500000US11001","District of Columbia, District of Columbia","705749","*****","*****","null",
"0500000US12001","Alachua County, Florida","269043","*****","*****","null",
"0500000US12005","Bay County, Florida","174705","*****","*****","null",
"0500000US12009","Brevard County, Florida","601942","*****","*****","null",
"0500000US12011","Broward County, Florida","1952778","*****","*****","null",
"0500000US12015","Charlotte County, Florida","188910","*****","*****","null",
"0500000US12017","Citrus County, Florida","149657","*****","*****","null",
"0500000US12019","Clay County, Florida","219252","*****","*****","null",
"0500000US12021","Collier County, Florida","384902","*****","*****","null",
"0500000US12023","Columbia County, Florida","71686","*****","*****","null",
"0500000US12031","Duval County, Florida","957755","*****","*****","null",
"0500000US12033","Escambia County, Florida","318316","*****","*****","null",
"0500000US12035","Flagler County, Florida","115081","*****","*****","null",
"0500000US12053","Hernando County, Florida","193920","*****","*****","null",
"0500000US12055","Highlands County, Florida","106221","*****","*****","null",
"0500000US12057","Hillsborough County, Florida","1471968","*****","*****","null",
"0500000US12061","Indian River County, Florida","159923","*****","*****","null",
"0500000US12069","Lake County, Florida","367118","*****","*****","null",
"0500000US12071","Lee County, Florida","770577","*****","*****","null",
"0500000US12073","Leon County, Florida","293582","*****","*****","null",
"0500000US12081","Manatee County, Florida","403253","*****","*****","null",
"0500000US12083","Marion County, Florida","365579","*****","*****","null",
"0500000US12085","Martin County, Florida","161000","*****","*****","null",
"0500000US12086","Miami-Dade County, Florida","2716940","*****","*****","null",
"0500000US12087","Monroe County, Florida","74228","*****","*****","null",
"0500000US12089","Nassau County, Florida","88625","*****","*****","null",
"0500000US12091","Okaloosa County, Florida","210738","*****","*****","null",
"0500000US12095","Orange County, Florida","1393452","*****","*****","null",
"0500000US12097","Osceola County, Florida","375751","*****","*****","null",
"0500000US12099","Palm Beach County, Florida","1496770","*****","*****","null",
"0500000US12101","Pasco County, Florida","553947","*****","*****","null",
"0500000US12103","Pinellas County, Florida","974996","*****","*****","null",
"0500000US12105","Polk County, Florida","724777","*****","*****","null",
"0500000US12107","Putnam County, Florida","74521","*****","*****","null",
"0500000US12109","St. Johns County, Florida","264672","*****","*****","null",
"0500000US12111","St. Lucie County, Florida","328297","*****","*****","null",
"0500000US12113","Santa Rosa County, Florida","184313","*****","*****","null",
"0500000US12115","Sarasota County, Florida","433742","*****","*****","null",
"0500000US12117","Seminole County, Florida","471826","*****","*****","null",
"0500000US12119","Sumter County, Florida","132420","*****","*****","null",
"0500000US12127","Volusia County, Florida","553284","*****","*****","null",
"0500000US12131","Walton County, Florida","74071","*****","*****","null",
"0500000US13013","Barrow County, Georgia","83240","*****","*****","null",
"0500000US13015","Bartow County, Georgia","107738","*****","*****","null",
"0500000US13021","Bibb County, Georgia","153159","*****","*****","null",
"0500000US13031","Bulloch County, Georgia","79608","*****","*****","null",
"0500000US13045","Carroll County, Georgia","119992","*****","*****","null",
"0500000US13047","Catoosa County, Georgia","67580","*****","*****","null",
"0500000US13051","Chatham County, Georgia","289430","*****","*****","null",
"0500000US13057","Cherokee County, Georgia","258773","*****","*****","null",
"0500000US13059","Clarke County, Georgia","128331","*****","*****","null",
"0500000US13063","Clayton County, Georgia","292256","*****","*****","null",
"0500000US13067","Cobb County, Georgia","760141","*****","*****","null",
"0500000US13073","Columbia County, Georgia","156714","*****","*****","null",
"0500000US13077","Coweta County, Georgia","148509","*****","*****","null",
"0500000US13089","DeKalb County, Georgia","759297","*****","*****","null",
"0500000US13095","Dougherty County, Georgia","87956","*****","*****","null",
"0500000US13097","Douglas County, Georgia","146343","*****","*****","null",
"0500000US13113","Fayette County, Georgia","114421","*****","*****","null",
"0500000US13115","Floyd County, Georgia","98498","*****","*****","null",
"0500000US13117","Forsyth County, Georgia","244252","*****","*****","null",
"0500000US13121","Fulton County, Georgia","1063937","*****","*****","null",
"0500000US13127","Glynn County, Georgia","85292","*****","*****","null",
"0500000US13135","Gwinnett County, Georgia","936250","*****","*****","null",
"0500000US13139","Hall County, Georgia","204441","*****","*****","null",
"0500000US13151","Henry County, Georgia","234561","*****","*****","null",
"0500000US13153","Houston County, Georgia","157863","*****","*****","null",
"0500000US13157","Jackson County, Georgia","72977","*****","*****","null",
"0500000US13185","Lowndes County, Georgia","117406","*****","*****","null",
"0500000US13215","Muscogee County, Georgia","195769","*****","*****","null",
"0500000US13217","Newton County, Georgia","111744","*****","*****","null",
"0500000US13223","Paulding County, Georgia","168667","*****","*****","null",
"0500000US13245","Richmond County, Georgia","202518","*****","*****","null",
"0500000US13247","Rockdale County, Georgia","90896","*****","*****","null",
"0500000US13255","Spalding County, Georgia","66703","*****","*****","null",
"0500000US13285","Troup County, Georgia","69922","*****","*****","null",
"0500000US13295","Walker County, Georgia","69761","*****","*****","null",
"0500000US13297","Walton County, Georgia","94593","*****","*****","null",
"0500000US13313","Whitfield County, Georgia","104628","*****","*****","null",
"0500000US15001","Hawaii County, Hawaii","201513","*****","*****","null",
"0500000US15003","Honolulu County, Hawaii","974563","*****","*****","null",
"0500000US15007","Kauai County, Hawaii","72293","*****","*****","null",
"0500000US15009","Maui County, Hawaii","167488","20","null","null",
"0500000US16001","Ada County, Idaho","481587","*****","*****","null",
"0500000US16005","Bannock County, Idaho","87808","*****","*****","null",
"0500000US16019","Bonneville County, Idaho","119062","*****","*****","null",
"0500000US16027","Canyon County, Idaho","229849","*****","*****","null",
"0500000US16055","Kootenai County, Idaho","165697","*****","*****","null",
"0500000US16083","Twin Falls County, Idaho","86878","*****","*****","null",
"0500000US17001","Adams County, Illinois","65435","*****","*****","null",
"0500000US17019","Champaign County, Illinois","209689","*****","*****","null",
"0500000US17031","Cook County, Illinois","5150233","*****","*****","null",
"0500000US17037","DeKalb County, Illinois","104897","*****","*****","null",
"0500000US17043","DuPage County, Illinois","922921","*****","*****","null",
"0500000US17089","Kane County, Illinois","532403","*****","*****","null",
"0500000US17091","Kankakee County, Illinois","109862","*****","*****","null",
"0500000US17093","Kendall County, Illinois","128990","*****","*****","null",
"0500000US17097","Lake County, Illinois","696535","*****","*****","null",
"0500000US17099","LaSalle County, Illinois","108669","*****","*****","null",
"0500000US17111","McHenry County, Illinois","307774","*****","*****","null",
"0500000US17113","McLean County, Illinois","171517","*****","*****","null",
"0500000US17115","Macon County, Illinois","104009","*****","*****","null",
"0500000US17119","Madison County, Illinois","262966","*****","*****","null",
"0500000US17143","Peoria County, Illinois","179179","*****","*****","null",
"0500000US17161","Rock Island County, Illinois","141879","*****","*****","null",
"0500000US17163","St. Clair County, Illinois","259686","*****","*****","null",
"0500000US17167","Sangamon County, Illinois","194672","*****","*****","null",
"0500000US17179","Tazewell County, Illinois","131803","*****","*****","null",
"0500000US17183","Vermilion County, Illinois","75758","*****","*****","null",
"0500000US17197","Will County, Illinois","690743","*****","*****","null",
"0500000US17199","Williamson County, Illinois","66597","*****","*****","null",
"0500000US17201","Winnebago County, Illinois","282572","*****","*****","null",
"0500000US18003","Allen County, Indiana","379299","*****","*****","null",
"0500000US18005","Bartholomew County, Indiana","83779","*****","*****","null",
"0500000US18011","Boone County, Indiana","67843","*****","*****","null",
"0500000US18019","Clark County, Indiana","118302","*****","*****","null",
"0500000US18035","Delaware County, Indiana","114135","*****","*****","null",
"0500000US18039","Elkhart County, Indiana","206341","*****","*****","null",
"0500000US18043","Floyd County, Indiana","78522","*****","*****","null",
"0500000US18053","Grant County, Indiana","65769","*****","*****","null",
"0500000US18057","Hamilton County, Indiana","338011","*****","*****","null",
"0500000US18059","Hancock County, Indiana","78168","*****","*****","null",
"0500000US18063","Hendricks County, Indiana","170311","*****","*****","null",
"0500000US18067","Howard County, Indiana","82544","*****","*****","null",
"0500000US18081","Johnson County, Indiana","158167","*****","*****","null",
"0500000US18085","Kosciusko County, Indiana","79456","*****","*****","null",
"0500000US18089","Lake County, Indiana","485493","*****","*****","null",
"0500000US18091","LaPorte County, Indiana","109888","*****","*****","null",
"0500000US18095","Madison County, Indiana","129569","*****","*****","null",
"0500000US18097","Marion County, Indiana","964582","*****","*****","null",
"0500000US18105","Monroe County, Indiana","148431","*****","*****","null",
"0500000US18109","Morgan County, Indiana","70489","*****","*****","null",
"0500000US18127","Porter County, Indiana","170389","*****","*****","null",
"0500000US18141","St. Joseph County, Indiana","271826","*****","*****","null",
"0500000US18157","Tippecanoe County, Indiana","195732","*****","*****","null",
"0500000US18163","Vanderburgh County, Indiana","181451","*****","*****","null",
"0500000US18167","Vigo County, Indiana","107038","*****","*****","null",
"0500000US18177","Wayne County, Indiana","65884","*****","*****","null",
"0500000US19013","Black Hawk County, Iowa","131228","*****","*****","null",
"0500000US19049","Dallas County, Iowa","93453","*****","*****","null",
"0500000US19061","Dubuque County, Iowa","97311","*****","*****","null",
"0500000US19103","Johnson County, Iowa","151140","*****","*****","null",
"0500000US19113","Linn County, Iowa","226706","*****","*****","null",
"0500000US19153","Polk County, Iowa","490161","*****","*****","null",
"0500000US19155","Pottawattamie County, Iowa","93206","*****","*****","null",
"0500000US19163","Scott County, Iowa","172943","*****","*****","null",
"0500000US19169","Story County, Iowa","97117","*****","*****","null",
"0500000US19193","Woodbury County, Iowa","103107","*****","*****","null",
"0500000US20015","Butler County, Kansas","66911","*****","*****","null",
"0500000US20045","Douglas County, Kansas","122259","*****","*****","null",
"0500000US20091","Johnson County, Kansas","602401","*****","*****","null",
"0500000US20103","Leavenworth County, Kansas","81758","*****","*****","null",
"0500000US20161","Riley County, Kansas","74232","*****","*****","null",
"0500000US20173","Sedgwick County, Kansas","516042","*****","*****","null",
"0500000US20177","Shawnee County, Kansas","176875","*****","*****","null",
"0500000US20209","Wyandotte County, Kansas","165429","*****","*****","null",
"0500000US21015","Boone County, Kentucky","133581","*****","*****","null",
"0500000US21029","Bullitt County, Kentucky","81676","*****","*****","null",
"0500000US21037","Campbell County, Kentucky","93584","*****","*****","null",
"0500000US21047","Christian County, Kentucky","70461","*****","*****","null",
"0500000US21059","Daviess County, Kentucky","101511","*****","*****","null",
"0500000US21067","Fayette County, Kentucky","323152","*****","*****","null",
"0500000US21093","Hardin County, Kentucky","110958","*****","*****","null",
"0500000US21111","Jefferson County, Kentucky","766757","*****","*****","null",
"0500000US21117","Kenton County, Kentucky","166998","*****","*****","null",
"0500000US21145","McCracken County, Kentucky","65418","*****","*****","null",
"0500000US21151","Madison County, Kentucky","92987","*****","*****","null",
"0500000US21185","Oldham County, Kentucky","66799","*****","*****","null",
"0500000US21227","Warren County, Kentucky","132896","*****","*****","null",
"0500000US22005","Ascension Parish, Louisiana","126604","*****","*****","null",
"0500000US22015","Bossier Parish, Louisiana","127039","*****","*****","null",
"0500000US22017","Caddo Parish, Louisiana","240204","*****","*****","null",
"0500000US22019","Calcasieu Parish, Louisiana","203436","*****","*****","null",
"0500000US22033","East Baton Rouge Parish, Louisiana","440059","*****","*****","null",
"0500000US22045","Iberia Parish, Louisiana","69830","*****","*****","null",
"0500000US22051","Jefferson Parish, Louisiana","432493","*****","*****","null",
"0500000US22055","Lafayette Parish, Louisiana","244390","*****","*****","null",
"0500000US22057","Lafourche Parish, Louisiana","97614","*****","*****","null",
"0500000US22063","Livingston Parish, Louisiana","140789","*****","*****","null",
"0500000US22071","Orleans Parish, Louisiana","390144","*****","*****","null",
"0500000US22073","Ouachita Parish, Louisiana","153279","*****","*****","null",
"0500000US22079","Rapides Parish, Louisiana","129648","*****","*****","null",
"0500000US22097","St. Landry Parish, Louisiana","82124","*****","*****","null",
"0500000US22103","St. Tammany Parish, Louisiana","260419","*****","*****","null",
"0500000US22105","Tangipahoa Parish, Louisiana","134758","*****","*****","null",
"0500000US22109","Terrebonne Parish, Louisiana","110461","*****","*****","null",
"0500000US23001","Androscoggin County, Maine","108277","*****","*****","null",
"0500000US23003","Aroostook County, Maine","67055","*****","*****","null",
"0500000US23005","Cumberland County, Maine","295003","*****","*****","null",
"0500000US23011","Kennebec County, Maine","122302","*****","*****","null",
"0500000US23019","Penobscot County, Maine","152148","*****","*****","null",
"0500000US23031","York County, Maine","207641","*****","*****","null",
"0500000US24001","Allegany County, Maryland","70416","*****","*****","null",
"0500000US24003","Anne Arundel County, Maryland","579234","*****","*****","null",
"0500000US24005","Baltimore County, Maryland","827370","*****","*****","null",
"0500000US24009","Calvert County, Maryland","92525","*****","*****","null",
"0500000US24013","Carroll County, Maryland","168447","*****","*****","null",
"0500000US24015","Cecil County, Maryland","102855","*****","*****","null",
"0500000US24017","Charles County, Maryland","163257","*****","*****","null",
"0500000US24021","Frederick County, Maryland","259547","*****","*****","null",
"0500000US24025","Harford County, Maryland","255441","*****","*****","null",
"0500000US24027","Howard County, Maryland","325690","*****","*****","null",
"0500000US24031","Montgomery County, Maryland","1050688","*****","*****","null",
"0500000US24033","Prince George's County, Maryland","909327","*****","*****","null",
"0500000US24037","St. Mary's County, Maryland","113510","*****","*****","null",
"0500000US24043","Washington County, Maryland","151049","*****","*****","null",
"0500000US24045","Wicomico County, Maryland","103609","*****","*****","null",
"0500000US24510","Baltimore city, Maryland","593490","*****","*****","null",
"0500000US25001","Barnstable County, Massachusetts","212990","*****","*****","null",
"0500000US25003","Berkshire County, Massachusetts","124944","*****","*****","null",
"0500000US25005","Bristol County, Massachusetts","565217","*****","*****","null",
"0500000US25009","Essex County, Massachusetts","789034","*****","*****","null",
"0500000US25011","Franklin County, Massachusetts","70180","*****","*****","null",
"0500000US25013","Hampden County, Massachusetts","466372","*****","*****","null",
"0500000US25015","Hampshire County, Massachusetts","160830","*****","*****","null",
"0500000US25017","Middlesex County, Massachusetts","1611699","*****","*****","null",
"0500000US25021","Norfolk County, Massachusetts","706775","*****","*****","null",
"0500000US25023","Plymouth County, Massachusetts","521202","*****","*****","null",
"0500000US25025","Suffolk County, Massachusetts","803907","*****","*****","null",
"0500000US25027","Worcester County, Massachusetts","830622","*****","*****","null",
"0500000US26005","Allegan County, Michigan","118081","*****","*****","null",
"0500000US26017","Bay County, Michigan","103126","*****","*****","null",
"0500000US26021","Berrien County, Michigan","153401","*****","*****","null",
"0500000US26025","Calhoun County, Michigan","134159","*****","*****","null",
"0500000US26037","Clinton County, Michigan","79595","*****","*****","null",
"0500000US26045","Eaton County, Michigan","110268","*****","*****","null",
"0500000US26049","Genesee County, Michigan","405813","*****","*****","null",
"0500000US26055","Grand Traverse County, Michigan","93088","*****","*****","null",
"0500000US26065","Ingham County, Michigan","292406","*****","*****","null",
"0500000US26073","Isabella County, Michigan","69872","*****","*****","null",
"0500000US26075","Jackson County, Michigan","158510","*****","*****","null",
"0500000US26077","Kalamazoo County, Michigan","265066","*****","*****","null",
"0500000US26081","Kent County, Michigan","656955","*****","*****","null",
"0500000US26087","Lapeer County, Michigan","87607","*****","*****","null",
"0500000US26091","Lenawee County, Michigan","98451","*****","*****","null",
"0500000US26093","Livingston County, Michigan","191995","*****","*****","null",
"0500000US26099","Macomb County, Michigan","873972","*****","*****","null",
"0500000US26103","Marquette County, Michigan","66699","*****","*****","null",
"0500000US26111","Midland County, Michigan","83156","*****","*****","null",
"0500000US26115","Monroe County, Michigan","150500","*****","*****","null",
"0500000US26121","Muskegon County, Michigan","173566","*****","*****","null",
"0500000US26125","Oakland County, Michigan","1257584","*****","*****","null",
"0500000US26139","Ottawa County, Michigan","291830","*****","*****","null",
"0500000US26145","Saginaw County, Michigan","190539","*****","*****","null",
"0500000US26147","St. Clair County, Michigan","159128","*****","*****","null",
"0500000US26155","Shiawassee County, Michigan","68122","*****","*****","null",
"0500000US26159","Van Buren County, Michigan","75677","*****","*****","null",
"0500000US26161","Washtenaw County, Michigan","367601","*****","*****","null",
"0500000US26163","Wayne County, Michigan","1749343","*****","*****","null",
"0500000US27003","Anoka County, Minnesota","356921","*****","*****","null",
"0500000US27013","Blue Earth County, Minnesota","67653","*****","*****","null",
"0500000US27019","Carver County, Minnesota","105089","*****","*****","null",
"0500000US27035","Crow Wing County, Minnesota","65055","*****","*****","null",
"0500000US27037","Dakota County, Minnesota","429021","*****","*****","null",
"0500000US27053","Hennepin County, Minnesota","1265843","*****","*****","null",
"0500000US27109","Olmsted County, Minnesota","158293","*****","*****","null",
"0500000US27123","Ramsey County, Minnesota","550321","*****","*****","null",
"0500000US27131","Rice County, Minnesota","66972","*****","*****","null",
"0500000US27137","St. Louis County, Minnesota","199070","*****","*****","null",
"0500000US27139","Scott County, Minnesota","149013","*****","*****","null",
"0500000US27141","Sherburne County, Minnesota","97238","*****","*****","null",
"0500000US27145","Stearns County, Minnesota","161075","*****","*****","null",
"0500000US27163","Washington County, Minnesota","262440","*****","*****","null",
"0500000US27171","Wright County, Minnesota","138377","*****","*****","null",
"0500000US28033","DeSoto County, Mississippi","184945","*****","*****","null",
"0500000US28035","Forrest County, Mississippi","74897","*****","*****","null",
"0500000US28047","Harrison County, Mississippi","208080","*****","*****","null",
"0500000US28049","Hinds County, Mississippi","231840","*****","*****","null",
"0500000US28059","Jackson County, Mississippi","143617","*****","*****","null",
"0500000US28067","Jones County, Mississippi","68098","*****","*****","null",
"0500000US28075","Lauderdale County, Mississippi","74125","*****","*****","null",
"0500000US28081","Lee County, Mississippi","85436","*****","*****","null",
"0500000US28089","Madison County, Mississippi","106272","*****","*****","null",
"0500000US28121","Rankin County, Mississippi","155271","*****","*****","null",
"0500000US29019","Boone County, Missouri","180463","*****","*****","null",
"0500000US29021","Buchanan County, Missouri","87364","*****","*****","null",
"0500000US29031","Cape Girardeau County, Missouri","78871","*****","*****","null",
"0500000US29037","Cass County, Missouri","105780","*****","*****","null",
"0500000US29043","Christian County, Missouri","88595","*****","*****","null",
"0500000US29047","Clay County, Missouri","249948","*****","*****","null",
"0500000US29051","Cole County, Missouri","76745","*****","*****","null",
"0500000US29071","Franklin County, Missouri","103967","*****","*****","null",
"0500000US29077","Greene County, Missouri","293086","*****","*****","null",
"0500000US29095","Jackson County, Missouri","703011","*****","*****","null",
"0500000US29097","Jasper County, Missouri","121328","*****","*****","null",
"0500000US29099","Jefferson County, Missouri","225081","*****","*****","null",
"0500000US29165","Platte County, Missouri","104418","*****","*****","null",
"0500000US29183","St. Charles County, Missouri","402022","*****","*****","null",
"0500000US29187","St. Francois County, Missouri","67215","*****","*****","null",
"0500000US29189","St. Louis County, Missouri","994205","*****","*****","null",
"0500000US29510","St. Louis city, Missouri","300576","*****","*****","null",
"0500000US30013","Cascade County, Montana","81366","*****","*****","null",
"0500000US30029","Flathead County, Montana","103806","*****","*****","null",
"0500000US30031","Gallatin County, Montana","114434","*****","*****","null",
"0500000US30049","Lewis and Clark County, Montana","69432","*****","*****","null",
"0500000US30063","Missoula County, Montana","119600","*****","*****","null",
"0500000US30111","Yellowstone County, Montana","161300","*****","*****","null",
"0500000US31055","Douglas County, Nebraska","571327","*****","*****","null",
"0500000US31109","Lancaster County, Nebraska","319090","*****","*****","null",
"0500000US31153","Sarpy County, Nebraska","187196","*****","*****","null",
"0500000US32003","Clark County, Nevada","2266715","*****","*****","null",
"0500000US32031","Washoe County, Nevada","471519","*****","*****","null",
"0500000US33005","Cheshire County, New Hampshire","76085","*****","*****","null",
"0500000US33009","Grafton County, New Hampshire","89886","*****","*****","null",
"0500000US33011","Hillsborough County, New Hampshire","417025","*****","*****","null",
"0500000US33013","Merrimack County, New Hampshire","151391","*****","*****","null",
"0500000US33015","Rockingham County, New Hampshire","309769","*****","*****","null",
"0500000US33017","Strafford County, New Hampshire","130633","*****","*****","null",
"0500000US34001","Atlantic County, New Jersey","263670","*****","*****","null",
"0500000US34003","Bergen County, New Jersey","932202","*****","*****","null",
"0500000US34005","Burlington County, New Jersey","445349","*****","*****","null",
"0500000US34007","Camden County, New Jersey","506471","*****","*****","null",
"0500000US34009","Cape May County, New Jersey","92039","*****","*****","null",
"0500000US34011","Cumberland County, New Jersey","149527","*****","*****","null",
"0500000US34013","Essex County, New Jersey","798975","*****","*****","null",
"0500000US34015","Gloucester County, New Jersey","291636","*****","*****","null",
"0500000US34017","Hudson County, New Jersey","672391","*****","*****","null",
"0500000US34019","Hunterdon County, New Jersey","124371","*****","*****","null",
"0500000US34021","Mercer County, New Jersey","367430","*****","*****","null",
"0500000US34023","Middlesex County, New Jersey","825062","*****","*****","null",
"0500000US34025","Monmouth County, New Jersey","618795","*****","*****","null",
"0500000US34027","Morris County, New Jersey","491845","*****","*****","null",
"0500000US34029","Ocean County, New Jersey","607186","*****","*****","null",
"0500000US34031","Passaic County, New Jersey","501826","*****","*****","null",
"0500000US34033","Salem County, New Jersey","62385","*****","*****","null",
"0500000US34035","Somerset County, New Jersey","328934","*****","*****","null",
"0500000US34037","Sussex County, New Jersey","140488","*****","*****","null",
"0500000US34039","Union County, New Jersey","556341","*****","*****","null",
"0500000US34041","Warren County, New Jersey","105267","*****","*****","null",
"0500000US35001","Bernalillo County, New Mexico","679121","*****","*****","null",
"0500000US35005","Chaves County, New Mexico","64615","*****","*****","null",
"0500000US35013","Do√±a Ana County, New Mexico","218195","*****","*****","null",
"0500000US35025","Lea County, New Mexico","71070","*****","*****","null",
"0500000US35031","McKinley County, New Mexico","71367","*****","*****","null",
"0500000US35035","Otero County, New Mexico","67490","*****","*****","null",
"0500000US35043","Sandoval County, New Mexico","146748","*****","*****","null",
"0500000US35045","San Juan County, New Mexico","123958","*****","*****","null",
"0500000US35049","Santa Fe County, New Mexico","150358","*****","*****","null",
"0500000US35061","Valencia County, New Mexico","76688","*****","*****","null",
"0500000US36001","Albany County, New York","305506","*****","*****","null",
"0500000US36005","Bronx County, New York","1418207","*****","*****","null",
"0500000US36007","Broome County, New York","190488","*****","*****","null",
"0500000US36009","Cattaraugus County, New York","76117","*****","*****","null",
"0500000US36011","Cayuga County, New York","76576","*****","*****","null",
"0500000US36013","Chautauqua County, New York","126903","*****","*****","null",
"0500000US36015","Chemung County, New York","83456","*****","*****","null",
"0500000US36019","Clinton County, New York","80485","*****","*****","null",
"0500000US36027","Dutchess County, New York","294218","*****","*****","null",
"0500000US36029","Erie County, New York","918702","*****","*****","null",
"0500000US36045","Jefferson County, New York","109834","*****","*****","null",
"0500000US36047","Kings County, New York","2559903","*****","*****","null",
"0500000US36051","Livingston County, New York","62914","*****","*****","null",
"0500000US36053","Madison County, New York","70941","*****","*****","null",
"0500000US36055","Monroe County, New York","741770","*****","*****","null",
"0500000US36059","Nassau County, New York","1356924","*****","*****","null",
"0500000US36061","New York County, New York","1628706","*****","*****","null",
"0500000US36063","Niagara County, New York","209281","*****","*****","null",
"0500000US36065","Oneida County, New York","228671","*****","*****","null",
"0500000US36067","Onondaga County, New York","460528","*****","*****","null",
"0500000US36069","Ontario County, New York","109777","*****","*****","null",
"0500000US36071","Orange County, New York","384940","*****","*****","null",
"0500000US36075","Oswego County, New York","117124","*****","*****","null",
"0500000US36079","Putnam County, New York","98320","*****","*****","null",
"0500000US36081","Queens County, New York","2253858","*****","*****","null",
"0500000US36083","Rensselaer County, New York","158714","*****","*****","null",
"0500000US36085","Richmond County, New York","476143","*****","*****","null",
"0500000US36087","Rockland County, New York","325789","*****","*****","null",
"0500000US36089","St. Lawrence County, New York","107740","*****","*****","null",
"0500000US36091","Saratoga County, New York","229863","*****","*****","null",
"0500000US36093","Schenectady County, New York","155299","*****","*****","null",
"0500000US36101","Steuben County, New York","95379","*****","*****","null",
"0500000US36103","Suffolk County, New York","1476601","*****","*****","null",
"0500000US36105","Sullivan County, New York","75432","*****","*****","null",
"0500000US36109","Tompkins County, New York","102180","*****","*****","null",
"0500000US36111","Ulster County, New York","177573","*****","*****","null",
"0500000US36113","Warren County, New York","63944","*****","*****","null",
"0500000US36117","Wayne County, New York","89918","*****","*****","null",
"0500000US36119","Westchester County, New York","967506","*****","*****","null",
"0500000US37001","Alamance County, North Carolina","169509","*****","*****","null",
"0500000US37019","Brunswick County, North Carolina","142820","*****","*****","null",
"0500000US37021","Buncombe County, North Carolina","261191","*****","*****","null",
"0500000US37023","Burke County, North Carolina","90485","*****","*****","null",
"0500000US37025","Cabarrus County, North Carolina","216453","*****","*****","null",
"0500000US37027","Caldwell County, North Carolina","82178","*****","*****","null",
"0500000US37031","Carteret County, North Carolina","69473","*****","*****","null",
"0500000US37035","Catawba County, North Carolina","159551","*****","*****","null",
"0500000US37037","Chatham County, North Carolina","74470","*****","*****","null",
"0500000US37045","Cleveland County, North Carolina","97947","*****","*****","null",
"0500000US37049","Craven County, North Carolina","102139","*****","*****","null",
"0500000US37051","Cumberland County, North Carolina","335509","*****","*****","null",
"0500000US37057","Davidson County, North Carolina","167609","*****","*****","null",
"0500000US37063","Durham County, North Carolina","321488","*****","*****","null",
"0500000US37067","Forsyth County, North Carolina","382295","*****","*****","null",
"0500000US37069","Franklin County, North Carolina","69685","*****","*****","null",
"0500000US37071","Gaston County, North Carolina","224529","*****","*****","null",
"0500000US37081","Guilford County, North Carolina","537174","*****","*****","null",
"0500000US37085","Harnett County, North Carolina","135976","*****","*****","null",
"0500000US37089","Henderson County, North Carolina","117417","*****","*****","null",
"0500000US37097","Iredell County, North Carolina","181806","*****","*****","null",
"0500000US37101","Johnston County, North Carolina","209339","*****","*****","null",
"0500000US37109","Lincoln County, North Carolina","86111","*****","*****","null",
"0500000US37119","Mecklenburg County, North Carolina","1110356","*****","*****","null",
"0500000US37125","Moore County, North Carolina","100880","*****","*****","null",
"0500000US37127","Nash County, North Carolina","94298","*****","*****","null",
"0500000US37129","New Hanover County, North Carolina","234473","*****","*****","null",
"0500000US37133","Onslow County, North Carolina","197938","*****","*****","null",
"0500000US37135","Orange County, North Carolina","148476","*****","*****","null",
"0500000US37147","Pitt County, North Carolina","180742","*****","*****","null",
"0500000US37151","Randolph County, North Carolina","143667","*****","*****","null",
"0500000US37155","Robeson County, North Carolina","130625","*****","*****","null",
"0500000US37157","Rockingham County, North Carolina","91010","*****","*****","null",
"0500000US37159","Rowan County, North Carolina","142088","*****","*****","null",
"0500000US37161","Rutherford County, North Carolina","67029","*****","*****","null",
"0500000US37171","Surry County, North Carolina","71783","*****","*****","null",
"0500000US37179","Union County, North Carolina","239859","*****","*****","null",
"0500000US37183","Wake County, North Carolina","1111761","*****","*****","null",
"0500000US37191","Wayne County, North Carolina","123131","*****","*****","null",
"0500000US37193","Wilkes County, North Carolina","68412","*****","*****","null",
"0500000US37195","Wilson County, North Carolina","81801","*****","*****","null",
"0500000US38015","Burleigh County, North Dakota","95626","*****","*****","null",
"0500000US38017","Cass County, North Dakota","181923","*****","*****","null",
"0500000US38035","Grand Forks County, North Dakota","69451","*****","*****","null",
"0500000US38101","Ward County, North Dakota","67641","*****","*****","null",
"0500000US39003","Allen County, Ohio","102351","*****","*****","null",
"0500000US39007","Ashtabula County, Ohio","97241","*****","*****","null",
"0500000US39009","Athens County, Ohio","65327","*****","*****","null",
"0500000US39013","Belmont County, Ohio","67006","*****","*****","null",
"0500000US39017","Butler County, Ohio","383134","*****","*****","null",
"0500000US39023","Clark County, Ohio","134083","*****","*****","null",
"0500000US39025","Clermont County, Ohio","206428","*****","*****","null",
"0500000US39029","Columbiana County, Ohio","101883","*****","*****","null",
"0500000US39035","Cuyahoga County, Ohio","1235072","*****","*****","null",
"0500000US39041","Delaware County, Ohio","209177","*****","*****","null",
"0500000US39043","Erie County, Ohio","74266","*****","*****","null",
"0500000US39045","Fairfield County, Ohio","157574","*****","*****","null",
"0500000US39049","Franklin County, Ohio","1316756","*****","*****","null",
"0500000US39055","Geauga County, Ohio","93649","*****","*****","null",
"0500000US39057","Greene County, Ohio","168937","*****","*****","null",
"0500000US39061","Hamilton County, Ohio","817473","*****","*****","null",
"0500000US39063","Hancock County, Ohio","75783","*****","*****","null",
"0500000US39081","Jefferson County, Ohio","65325","*****","*****","null",
"0500000US39085","Lake County, Ohio","230149","*****","*****","null",
"0500000US39089","Licking County, Ohio","176862","*****","*****","null",
"0500000US39093","Lorain County, Ohio","309833","*****","*****","null",
"0500000US39095","Lucas County, Ohio","428348","*****","*****","null",
"0500000US39099","Mahoning County, Ohio","228683","*****","*****","null",
"0500000US39101","Marion County, Ohio","65093","*****","*****","null",
"0500000US39103","Medina County, Ohio","179746","*****","*****","null",
"0500000US39109","Miami County, Ohio","106987","*****","*****","null",
"0500000US39113","Montgomery County, Ohio","531687","*****","*****","null",
"0500000US39119","Muskingum County, Ohio","86215","*****","*****","null",
"0500000US39133","Portage County, Ohio","162466","*****","*****","null",
"0500000US39139","Richland County, Ohio","121154","*****","*****","null",
"0500000US39141","Ross County, Ohio","76666","*****","*****","null",
"0500000US39145","Scioto County, Ohio","75314","*****","*****","null",
"0500000US39151","Stark County, Ohio","370606","*****","*****","null",
"0500000US39153","Summit County, Ohio","541013","*****","*****","null",
"0500000US39155","Trumbull County, Ohio","197974","*****","*****","null",
"0500000US39157","Tuscarawas County, Ohio","91987","*****","*****","null",
"0500000US39165","Warren County, Ohio","234602","*****","*****","null",
"0500000US39169","Wayne County, Ohio","115710","*****","*****","null",
"0500000US39173","Wood County, Ohio","130817","*****","*****","null",
"0500000US40017","Canadian County, Oklahoma","148306","*****","*****","null",
"0500000US40027","Cleveland County, Oklahoma","284014","*****","*****","null",
"0500000US40031","Comanche County, Oklahoma","120749","*****","*****","null",
"0500000US40037","Creek County, Oklahoma","71522","*****","*****","null",
"0500000US40101","Muskogee County, Oklahoma","67997","*****","*****","null",
"0500000US40109","Oklahoma County, Oklahoma","797434","*****","*****","null",
"0500000US40119","Payne County, Oklahoma","81784","*****","*****","null",
"0500000US40125","Pottawatomie County, Oklahoma","72592","*****","*****","null",
"0500000US40131","Rogers County, Oklahoma","92459","*****","*****","null",
"0500000US40143","Tulsa County, Oklahoma","651552","*****","*****","null",
"0500000US40145","Wagoner County, Oklahoma","81289","*****","*****","null",
"0500000US41003","Benton County, Oregon","93053","*****","*****","null",
"0500000US41005","Clackamas County, Oregon","418187","*****","*****","null",
"0500000US41017","Deschutes County, Oregon","197692","*****","*****","null",
"0500000US41019","Douglas County, Oregon","110980","*****","*****","null",
"0500000US41029","Jackson County, Oregon","220944","*****","*****","null",
"0500000US41033","Josephine County, Oregon","87487","*****","*****","null",
"0500000US41035","Klamath County, Oregon","68238","*****","*****","null",
"0500000US41039","Lane County, Oregon","382067","*****","*****","null",
"0500000US41043","Linn County, Oregon","129749","*****","*****","null",
"0500000US41047","Marion County, Oregon","347818","*****","*****","null",
"0500000US41051","Multnomah County, Oregon","812855","*****","*****","null",
"0500000US41053","Polk County, Oregon","86085","*****","*****","null",
"0500000US41059","Umatilla County, Oregon","77950","*****","*****","null",
"0500000US41067","Washington County, Oregon","601592","*****","*****","null",
"0500000US41071","Yamhill County, Oregon","107100","*****","*****","null",
"0500000US42001","Adams County, Pennsylvania","103009","*****","*****","null",
"0500000US42003","Allegheny County, Pennsylvania","1216045","*****","*****","null",
"0500000US42005","Armstrong County, Pennsylvania","64735","*****","*****","null",
"0500000US42007","Beaver County, Pennsylvania","163929","*****","*****","null",
"0500000US42011","Berks County, Pennsylvania","421164","*****","*****","null",
"0500000US42013","Blair County, Pennsylvania","121829","*****","*****","null",
"0500000US42017","Bucks County, Pennsylvania","628270","*****","*****","null",
"0500000US42019","Butler County, Pennsylvania","187853","*****","*****","null",
"0500000US42021","Cambria County, Pennsylvania","130192","*****","*****","null",
"0500000US42025","Carbon County, Pennsylvania","64182","*****","*****","null",
"0500000US42027","Centre County, Pennsylvania","162385","*****","*****","null",
"0500000US42029","Chester County, Pennsylvania","524989","*****","*****","null",
"0500000US42033","Clearfield County, Pennsylvania","79255","*****","*****","null",
"0500000US42037","Columbia County, Pennsylvania","64964","*****","*****","null",
"0500000US42039","Crawford County, Pennsylvania","84629","*****","*****","null",
"0500000US42041","Cumberland County, Pennsylvania","253370","*****","*****","null",
"0500000US42043","Dauphin County, Pennsylvania","278299","*****","*****","null",
"0500000US42045","Delaware County, Pennsylvania","566747","*****","*****","null",
"0500000US42049","Erie County, Pennsylvania","269728","*****","*****","null",
"0500000US42051","Fayette County, Pennsylvania","129274","*****","*****","null",
"0500000US42055","Franklin County, Pennsylvania","155027","*****","*****","null",
"0500000US42063","Indiana County, Pennsylvania","84073","*****","*****","null",
"0500000US42069","Lackawanna County, Pennsylvania","209674","*****","*****","null",
"0500000US42071","Lancaster County, Pennsylvania","545724","*****","*****","null",
"0500000US42073","Lawrence County, Pennsylvania","85512","*****","*****","null",
"0500000US42075","Lebanon County, Pennsylvania","141793","*****","*****","null",
"0500000US42077","Lehigh County, Pennsylvania","369318","*****","*****","null",
"0500000US42079","Luzerne County, Pennsylvania","317417","*****","*****","null",
"0500000US42081","Lycoming County, Pennsylvania","113299","*****","*****","null",
"0500000US42085","Mercer County, Pennsylvania","109424","*****","*****","null",
"0500000US42089","Monroe County, Pennsylvania","170271","*****","*****","null",
"0500000US42091","Montgomery County, Pennsylvania","830915","*****","*****","null",
"0500000US42095","Northampton County, Pennsylvania","305285","*****","*****","null",
"0500000US42097","Northumberland County, Pennsylvania","90843","*****","*****","null",
"0500000US42101","Philadelphia County, Pennsylvania","1584064","*****","*****","null",
"0500000US42107","Schuylkill County, Pennsylvania","141359","*****","*****","null",
"0500000US42111","Somerset County, Pennsylvania","73447","*****","*****","null",
"0500000US42125","Washington County, Pennsylvania","206865","*****","*****","null",
"0500000US42129","Westmoreland County, Pennsylvania","348899","*****","*****","null",
"0500000US42133","York County, Pennsylvania","449058","*****","*****","null",
"0500000US44003","Kent County, Rhode Island","164292","*****","*****","null",
"0500000US44005","Newport County, Rhode Island","82082","*****","*****","null",
"0500000US44007","Providence County, Rhode Island","638931","*****","*****","null",
"0500000US44009","Washington County, Rhode Island","125577","*****","*****","null",
"0500000US45003","Aiken County, South Carolina","170872","*****","*****","null",
"0500000US45007","Anderson County, South Carolina","202558","*****","*****","null",
"0500000US45013","Beaufort County, South Carolina","192122","*****","*****","null",
"0500000US45015","Berkeley County, South Carolina","227907","*****","*****","null",
"0500000US45019","Charleston County, South Carolina","411406","*****","*****","null",
"0500000US45031","Darlington County, South Carolina","66618","*****","*****","null",
"0500000US45035","Dorchester County, South Carolina","162809","*****","*****","null",
"0500000US45041","Florence County, South Carolina","138293","*****","*****","null",
"0500000US45045","Greenville County, South Carolina","523542","*****","*****","null",
"0500000US45047","Greenwood County, South Carolina","70811","*****","*****","null",
"0500000US45051","Horry County, South Carolina","354081","*****","*****","null",
"0500000US45055","Kershaw County, South Carolina","66551","*****","*****","null",
"0500000US45057","Lancaster County, South Carolina","98012","*****","*****","null",
"0500000US45059","Laurens County, South Carolina","67493","*****","*****","null",
"0500000US45063","Lexington County, South Carolina","298750","*****","*****","null",
"0500000US45073","Oconee County, South Carolina","79546","*****","*****","null",
"0500000US45075","Orangeburg County, South Carolina","86175","*****","*****","null",
"0500000US45077","Pickens County, South Carolina","126884","*****","*****","null",
"0500000US45079","Richland County, South Carolina","415759","*****","*****","null",
"0500000US45083","Spartanburg County, South Carolina","319785","*****","*****","null",
"0500000US45085","Sumter County, South Carolina","106721","*****","*****","null",
"0500000US45091","York County, South Carolina","280979","*****","*****","null",
"0500000US46099","Minnehaha County, South Dakota","193134","*****","*****","null",
"0500000US46103","Pennington County, South Dakota","113775","*****","*****","null",
"0500000US47001","Anderson County, Tennessee","76978","*****","*****","null",
"0500000US47009","Blount County, Tennessee","133088","*****","*****","null",
"0500000US47011","Bradley County, Tennessee","108110","*****","*****","null",
"0500000US47037","Davidson County, Tennessee","694144","*****","*****","null",
"0500000US47059","Greene County, Tennessee","69069","*****","*****","null",
"0500000US47065","Hamilton County, Tennessee","367804","*****","*****","null",
"0500000US47093","Knox County, Tennessee","470313","*****","*****","null",
"0500000US47113","Madison County, Tennessee","97984","*****","*****","null",
"0500000US47119","Maury County, Tennessee","96387","*****","*****","null",
"0500000US47125","Montgomery County, Tennessee","208993","*****","*****","null",
"0500000US47141","Putnam County, Tennessee","80245","*****","*****","null",
"0500000US47147","Robertson County, Tennessee","71813","*****","*****","null",
"0500000US47149","Rutherford County, Tennessee","332285","*****","*****","null",
"0500000US47155","Sevier County, Tennessee","98250","*****","*****","null",
"0500000US47157","Shelby County, Tennessee","937166","*****","*****","null",
"0500000US47163","Sullivan County, Tennessee","158348","*****","*****","null",
"0500000US47165","Sumner County, Tennessee","191283","*****","*****","null",
"0500000US47179","Washington County, Tennessee","129375","*****","*****","null",
"0500000US47187","Williamson County, Tennessee","238412","*****","*****","null",
"0500000US47189","Wilson County, Tennessee","144657","*****","*****","null",
"0500000US48005","Angelina County, Texas","86715","*****","*****","null",
"0500000US48021","Bastrop County, Texas","88723","*****","*****","null",
"0500000US48027","Bell County, Texas","362924","*****","*****","null",
"0500000US48029","Bexar County, Texas","2003554","*****","*****","null",
"0500000US48037","Bowie County, Texas","93245","*****","*****","null",
"0500000US48039","Brazoria County, Texas","374264","*****","*****","null",
"0500000US48041","Brazos County, Texas","229211","*****","*****","null",
"0500000US48061","Cameron County, Texas","423163","*****","*****","null",
"0500000US48085","Collin County, Texas","1034730","*****","*****","null",
"0500000US48091","Comal County, Texas","156209","*****","*****","null",
"0500000US48099","Coryell County, Texas","75951","*****","*****","null",
"0500000US48113","Dallas County, Texas","2635516","*****","*****","null",
"0500000US48121","Denton County, Texas","887207","*****","*****","null",
"0500000US48135","Ector County, Texas","166223","*****","*****","null",
"0500000US48139","Ellis County, Texas","184826","*****","*****","null",
"0500000US48141","El Paso County, Texas","839238","*****","*****","null",
"0500000US48157","Fort Bend County, Texas","811688","*****","*****","null",
"0500000US48167","Galveston County, Texas","342139","*****","*****","null",
"0500000US48181","Grayson County, Texas","136212","*****","*****","null",
"0500000US48183","Gregg County, Texas","123945","*****","*****","null",
"0500000US48187","Guadalupe County, Texas","166847","*****","*****","null",
"0500000US48201","Harris County, Texas","4713325","*****","*****","null",
"0500000US48203","Harrison County, Texas","66553","*****","*****","null",
"0500000US48209","Hays County, Texas","230191","*****","*****","null",
"0500000US48213","Henderson County, Texas","82737","*****","*****","null",
"0500000US48215","Hidalgo County, Texas","868707","*****","*****","null",
"0500000US48231","Hunt County, Texas","98594","*****","*****","null",
"0500000US48245","Jefferson County, Texas","251565","*****","*****","null",
"0500000US48251","Johnson County, Texas","175817","*****","*****","null",
"0500000US48257","Kaufman County, Texas","136154","*****","*****","null",
"0500000US48291","Liberty County, Texas","88219","*****","*****","null",
"0500000US48303","Lubbock County, Texas","310569","*****","*****","null",
"0500000US48309","McLennan County, Texas","256623","*****","*****","null",
"0500000US48329","Midland County, Texas","176832","*****","*****","null",
"0500000US48339","Montgomery County, Texas","607391","*****","*****","null",
"0500000US48347","Nacogdoches County, Texas","65204","*****","*****","null",
"0500000US48355","Nueces County, Texas","362294","*****","*****","null",
"0500000US48361","Orange County, Texas","83396","*****","*****","null",
"0500000US48367","Parker County, Texas","142878","*****","*****","null",
"0500000US48375","Potter County, Texas","117415","*****","*****","null",
"0500000US48381","Randall County, Texas","137713","*****","*****","null",
"0500000US48397","Rockwall County, Texas","104915","*****","*****","null",
"0500000US48409","San Patricio County, Texas","66730","*****","*****","null",
"0500000US48423","Smith County, Texas","232751","*****","*****","null",
"0500000US48439","Tarrant County, Texas","2102515","*****","*****","null",
"0500000US48441","Taylor County, Texas","138034","*****","*****","null",
"0500000US48451","Tom Green County, Texas","119200","*****","*****","null",
"0500000US48453","Travis County, Texas","1273954","*****","*****","null",
"0500000US48469","Victoria County, Texas","92084","*****","*****","null",
"0500000US48471","Walker County, Texas","72971","*****","*****","null",
"0500000US48479","Webb County, Texas","276652","*****","*****","null",
"0500000US48485","Wichita County, Texas","132230","*****","*****","null",
"0500000US48491","Williamson County, Texas","590551","*****","*****","null",
"0500000US48497","Wise County, Texas","69984","*****","*****","null",
"0500000US49005","Cache County, Utah","128289","*****","*****","null",
"0500000US49011","Davis County, Utah","355481","*****","*****","null",
"0500000US49035","Salt Lake County, Utah","1160437","*****","*****","null",
"0500000US49045","Tooele County, Utah","72259","*****","*****","null",
"0500000US49049","Utah County, Utah","636235","*****","*****","null",
"0500000US49053","Washington County, Utah","177556","*****","*****","null",
"0500000US49057","Weber County, Utah","260213","*****","*****","null",
"0500000US50007","Chittenden County, Vermont","163774","*****","*****","null",
"0500000US51003","Albemarle County, Virginia","109330","*****","*****","null",
"0500000US51013","Arlington County, Virginia","236842","*****","*****","null",
"0500000US51015","Augusta County, Virginia","75558","*****","*****","null",
"0500000US51019","Bedford County, Virginia","78997","*****","*****","null",
"0500000US51041","Chesterfield County, Virginia","352802","*****","*****","null",
"0500000US51059","Fairfax County, Virginia","1147532","*****","*****","null",
"0500000US51061","Fauquier County, Virginia","71222","*****","*****","null",
"0500000US51069","Frederick County, Virginia","89313","*****","*****","null",
"0500000US51085","Hanover County, Virginia","107766","*****","*****","null",
"0500000US51087","Henrico County, Virginia","330818","*****","*****","null",
"0500000US51095","James City County, Virginia","76523","*****","*****","null",
"0500000US51107","Loudoun County, Virginia","413538","*****","*****","null",
"0500000US51121","Montgomery County, Virginia","98535","*****","*****","null",
"0500000US51153","Prince William County, Virginia","470335","*****","*****","null",
"0500000US51161","Roanoke County, Virginia","94186","*****","*****","null",
"0500000US51165","Rockingham County, Virginia","81948","*****","*****","null",
"0500000US51177","Spotsylvania County, Virginia","136215","*****","*****","null",
"0500000US51179","Stafford County, Virginia","152882","*****","*****","null",
"0500000US51199","York County, Virginia","68280","*****","*****","null",
"0500000US51510","Alexandria city, Virginia","159428","*****","*****","null",
"0500000US51550","Chesapeake city, Virginia","244835","*****","*****","null",
"0500000US51650","Hampton city, Virginia","134510","*****","*****","null",
"0500000US51680","Lynchburg city, Virginia","82168","*****","*****","null",
"0500000US51700","Newport News city, Virginia","179225","*****","*****","null",
"0500000US51710","Norfolk city, Virginia","242742","*****","*****","null",
"0500000US51740","Portsmouth city, Virginia","94398","*****","*****","null",
"0500000US51760","Richmond city, Virginia","230436","*****","*****","null",
"0500000US51770","Roanoke city, Virginia","99143","*****","*****","null",
"0500000US51800","Suffolk city, Virginia","92108","*****","*****","null",
"0500000US51810","Virginia Beach city, Virginia","449974","*****","*****","null",
"0500000US53005","Benton County, Washington","204390","*****","*****","null",
"0500000US53007","Chelan County, Washington","77200","*****","*****","null",
"0500000US53009","Clallam County, Washington","77331","*****","*****","null",
"0500000US53011","Clark County, Washington","488241","*****","*****","null",
"0500000US53015","Cowlitz County, Washington","110593","*****","*****","null",
"0500000US53021","Franklin County, Washington","95222","*****","*****","null",
"0500000US53025","Grant County, Washington","97733","*****","*****","null",
"0500000US53027","Grays Harbor County, Washington","75061","*****","*****","null",
"0500000US53029","Island County, Washington","85141","*****","*****","null",
"0500000US53033","King County, Washington","2252782","*****","*****","null",
"0500000US53035","Kitsap County, Washington","271473","*****","*****","null",
"0500000US53041","Lewis County, Washington","80707","*****","*****","null",
"0500000US53045","Mason County, Washington","66768","*****","*****","null",
"0500000US53053","Pierce County, Washington","904980","*****","*****","null",
"0500000US53057","Skagit County, Washington","129205","*****","*****","null",
"0500000US53061","Snohomish County, Washington","822083","*****","*****","null",
"0500000US53063","Spokane County, Washington","522798","*****","*****","null",
"0500000US53067","Thurston County, Washington","290536","*****","*****","null",
"0500000US53073","Whatcom County, Washington","229247","*****","*****","null",
"0500000US53077","Yakima County, Washington","250873","*****","*****","null",
"0500000US54003","Berkeley County, West Virginia","119171","*****","*****","null",
"0500000US54011","Cabell County, West Virginia","91945","*****","*****","null",
"0500000US54033","Harrison County, West Virginia","67256","*****","*****","null",
"0500000US54039","Kanawha County, West Virginia","178124","*****","*****","null",
"0500000US54061","Monongalia County, West Virginia","105612","*****","*****","null",
"0500000US54081","Raleigh County, West Virginia","73361","*****","*****","null",
"0500000US54107","Wood County, West Virginia","83518","*****","*****","null",
"0500000US55009","Brown County, Wisconsin","264542","*****","*****","null",
"0500000US55025","Dane County, Wisconsin","546695","*****","*****","null",
"0500000US55027","Dodge County, Wisconsin","87839","*****","*****","null",
"0500000US55035","Eau Claire County, Wisconsin","104646","*****","*****","null",
"0500000US55039","Fond du Lac County, Wisconsin","103403","*****","*****","null",
"0500000US55055","Jefferson County, Wisconsin","84769","*****","*****","null",
"0500000US55059","Kenosha County, Wisconsin","169561","*****","*****","null",
"0500000US55063","La Crosse County, Wisconsin","118016","*****","*****","null",
"0500000US55071","Manitowoc County, Wisconsin","78981","*****","*****","null",
"0500000US55073","Marathon County, Wisconsin","135692","*****","*****","null",
"0500000US55079","Milwaukee County, Wisconsin","945726","*****","*****","null",
"0500000US55087","Outagamie County, Wisconsin","187885","*****","*****","null",
"0500000US55089","Ozaukee County, Wisconsin","89221","*****","*****","null",
"0500000US55097","Portage County, Wisconsin","70772","*****","*****","null",
"0500000US55101","Racine County, Wisconsin","196311","*****","*****","null",
"0500000US55105","Rock County, Wisconsin","163354","*****","*****","null",
"0500000US55109","St. Croix County, Wisconsin","90687","*****","*****","null",
"0500000US55117","Sheboygan County, Wisconsin","115340","*****","*****","null",
"0500000US55127","Walworth County, Wisconsin","103868","*****","*****","null",
"0500000US55131","Washington County, Wisconsin","136034","*****","*****","null",
"0500000US55133","Waukesha County, Wisconsin","404198","*****","*****","null",
"0500000US55139","Winnebago County, Wisconsin","171907","*****","*****","null",
"0500000US55141","Wood County, Wisconsin","72999","*****","*****","null",
"0500000US56021","Laramie County, Wyoming","99500","*****","*****","null",
"0500000US56025","Natrona County, Wyoming","79858","*****","*****","null",
"0500000US72013","Arecibo Municipio, Puerto Rico","81966","*****","*****","null",
"0500000US72021","Bayam√≥n Municipio, Puerto Rico","169269","*****","*****","null",
"0500000US72025","Caguas Municipio, Puerto Rico","124606","*****","*****","null",
"0500000US72031","Carolina Municipio, Puerto Rico","146984","*****","*****","null",
"0500000US72061","Guaynabo Municipio, Puerto Rico","83728","*****","*****","null",
"0500000US72097","Mayag√ºez Municipio, Puerto Rico","71530","*****","*****","null",
"0500000US72113","Ponce Municipio, Puerto Rico","131881","*****","*****","null",
"0500000US72127","San Juan Municipio, Puerto Rico","318441","*****","*****","null",
"0500000US72135","Toa Alta Municipio, Puerto Rico","72025","*****","*****","null",
"0500000US72137","Toa Baja Municipio, Puerto Rico","74271","*****","*****","null",
"0500000US72139","Trujillo Alto Municipio, Puerto Rico","63674","*****","*****","null",
